{
  "best_model": "RandomForest",
  "cv_results": {
    "LogisticRegression": {
      "accuracy": [
        0.8405797101449275,
        0.8467153284671532,
        0.8102189781021898,
        0.7956204379562044,
        0.7664233576642335
      ],
      "f1": [
        0.8842105263157894,
        0.8839779005524862,
        0.8571428571428571,
        0.8461538461538461,
        0.8202247191011236
      ],
      "precision": [
        0.8936170212765957,
        0.9411764705882353,
        0.9069767441860465,
        0.8953488372093024,
        0.8795180722891566
      ],
      "recall": [
        0.875,
        0.8333333333333334,
        0.8125,
        0.8020833333333334,
        0.7684210526315789
      ],
      "roc_auc": [
        0.9017857142857144,
        0.948170731707317,
        0.8749999999999999,
        0.8630589430894309,
        0.8769423558897244
      ]
    },
    "RandomForest": {
      "accuracy": [
        0.8695652173913043,
        0.9051094890510949,
        0.8832116788321168,
        0.8102189781021898,
        0.8978102189781022
      ],
      "f1": [
        0.9134615384615384,
        0.934010152284264,
        0.92,
        0.8686868686868687,
        0.9285714285714286
      ],
      "precision": [
        0.8482142857142857,
        0.9108910891089109,
        0.8846153846153846,
        0.8431372549019608,
        0.900990099009901
      ],
      "recall": [
        0.9895833333333334,
        0.9583333333333334,
        0.9583333333333334,
        0.8958333333333334,
        0.9578947368421052
      ],
      "roc_auc": [
        0.8571428571428571,
        0.9690040650406504,
        0.9070121951219512,
        0.8262195121951219,
        0.9283208020050125
      ]
    },
    "GradientBoosting": {
      "accuracy": [
        0.8623188405797102,
        0.9124087591240876,
        0.8540145985401459,
        0.8102189781021898,
        0.8759124087591241
      ],
      "f1": [
        0.9082125603864735,
        0.9381443298969072,
        0.898989898989899,
        0.8712871287128713,
        0.9128205128205128
      ],
      "precision": [
        0.8468468468468469,
        0.9285714285714286,
        0.8725490196078431,
        0.8301886792452831,
        0.89
      ],
      "recall": [
        0.9791666666666666,
        0.9479166666666666,
        0.9270833333333334,
        0.9166666666666666,
        0.9368421052631579
      ],
      "roc_auc": [
        0.8891369047619048,
        0.943089430894309,
        0.9110772357723577,
        0.8694105691056911,
        0.9270676691729324
      ]
    }
  },
  "test_metrics": {
    "accuracy": 0.8372093023255814,
    "precision": 0.8538461538461538,
    "recall": 0.925,
    "f1": 0.888,
    "roc_auc": 0.9166666666666666
  },
  "confusion_matrix": [
    [
      33,
      19
    ],
    [
      9,
      111
    ]
  ],
  "classification_report": "              precision    recall  f1-score   support\n\n           0       0.79      0.63      0.70        52\n           1       0.85      0.93      0.89       120\n\n    accuracy                           0.84       172\n   macro avg       0.82      0.78      0.80       172\nweighted avg       0.83      0.84      0.83       172\n",
  "dataset": {
    "total_samples": 858,
    "features": 18,
    "train_samples": 686,
    "test_samples": 172,
    "target_distribution": {
      "1": 599,
      "0": 259
    }
  }
}